{
    "schemaVersion": 1,
    "id": "exordium",
    "version": "${version}",
    "name": "Exordium",
    "description": "Render the ingame gui on its own FPS limiter",
    "authors": [
        "tr7zw",
        "katietheqt"
    ],
    "contact": {
        "homepage": "https://github.com/tr7zw",
        "sources": "https://github.com/tr7zw",
        "issues": "https://github.com/tr7zw"
    },
    "license": "tr7zw Protective License",
    "icon": "assets/exordium/icon.png",
    "environment": "client",
    "entrypoints": {
        "client": [
            "dev.tr7zw.exordium.ExordiumMod"
        ],
        "modmenu": [
            "dev.tr7zw.exordium.ExordiumModMenu"
        ]
    },
    "mixins": [
        "exordium.mixins.json"
    ],
    "accessWidener": "exordium.accesswidener",
    "depends": {
        "fabric": "*",
        "minecraft": ">=1.20.2"
    }
}
