{
    "blend": {
        "func": "add",
        "srcrgb": "srcalpha",
        "dstrgb": "1-srcalpha"
    },
    "vertex": "position_multi_tex",
    "fragment": "position_multi_tex",
    "attributes": [
        "Position",
        "UV0"
    ],
    "samplers": [
        {
            "name": "Sampler0"
        },
        {
            "name": "Sampler1"
        },
        {
            "name": "Sampler2"
        },
        {
            "name": "Sampler3"
        },
        {
            "name": "Sampler4"
        },
        {
            "name": "Sampler5"
        },
        {
            "name": "Sampler6"
        },
        {
            "name": "Sampler7"
        }
    ],
    "uniforms": [
        {
            "name": "ModelViewMat",
            "type": "matrix4x4",
            "count": 16,
            "values": [
                1.0,
                0.0,
                0.0,
                0.0,
                0.0,
                1.0,
                0.0,
                0.0,
                0.0,
                0.0,
                1.0,
                0.0,
                0.0,
                0.0,
                0.0,
                1.0
            ]
        },
        {
            "name": "ProjMat",
            "type": "matrix4x4",
            "count": 16,
            "values": [
                1.0,
                0.0,
                0.0,
                0.0,
                0.0,
                1.0,
                0.0,
                0.0,
                0.0,
                0.0,
                1.0,
                0.0,
                0.0,
                0.0,
                0.0,
                1.0
            ]
        },
        {
            "name": "ColorModulator",
            "type": "float",
            "count": 4,
            "values": [
                1.0,
                1.0,
                1.0,
                1.0
            ]
        },
        {
            "name": "texcount",
            "type": "int",
            "count": 1,
            "values": [
                1
            ]
        }
    ]
}
